id,pred
1723,0.7648023962974548
12736,1.0861291885375977
12274,0.36040472984313965
8823,1.2247620820999146
5087,0.5339686274528503
13178,0.6437190771102905
11799,0.7891009449958801
13425,1.260358452796936
12497,1.292454719543457
1185,0.851884126663208
3584,1.1120773553848267
5851,0.9894533157348633
14311,0.8835044503211975
7836,0.9501734972000122
2321,1.0137385129928589
547,0.9868831038475037
9095,0.6892381310462952
4614,0.9584786891937256
12698,1.065360188484192
2674,1.0306884050369263
6814,0.9689229130744934
4611,0.9440285563468933
4334,1.200683832168579
9101,1.0313409566879272
6585,0.9563184976577759
12156,0.8058974742889404
1183,1.1301535367965698
2428,0.6896031498908997
11600,1.343031644821167
3162,0.7909463047981262
13798,0.801535964012146
1783,1.0004874467849731
13683,1.1957916021347046
14347,1.0281206369400024
14472,0.8451170921325684
8589,1.5722360610961914
10411,1.4478496313095093
7942,0.8151228427886963
13715,0.8265882730484009
8838,0.905258297920227
9644,0.956346869468689
8093,0.6619919538497925
1734,0.7188355922698975
10725,0.8860940337181091
4556,1.0603951215744019
1380,0.9849513173103333
2722,1.0694364309310913
4072,0.7539120316505432
11293,0.6171410083770752
12003,1.2605842351913452
13564,0.7921179533004761
8294,0.8963097929954529
3393,0.6810010671615601
8051,1.3668898344039917
699,1.3807202577590942
4557,1.0265313386917114
8091,1.231593370437622
9704,0.6581513285636902
11650,0.5164293646812439
305,0.9942923188209534
8300,0.9370005130767822
13525,0.9252485632896423
10166,0.8857683539390564
11107,0.7736235857009888
9971,0.9775510430335999
7732,1.2987937927246094
13466,0.9657188653945923
3406,0.8987386226654053
5338,0.9716949462890625
6835,1.550826072692871
14359,0.7741202712059021
4837,0.9647115468978882
4741,0.7311974167823792
5651,1.166652798652649
8779,1.2717236280441284
5055,0.8773632049560547
4744,0.9691396951675415
1804,0.790913462638855
3992,0.9647462368011475
14111,1.1823580265045166
12047,0.8406363725662231
1156,1.1454986333847046
1920,0.8843722939491272
9307,1.3050899505615234
5881,1.2025777101516724
12531,1.1815310716629028
5878,0.7479549050331116
10742,1.0168190002441406
7625,0.3200628459453583
30,1.002135992050171
4879,1.0798227787017822
356,0.7075554728507996
9781,0.8220744729042053
1457,1.1161999702453613
2876,0.8188294768333435
1626,1.022304654121399
4929,1.2453327178955078
848,1.0788450241088867
2300,0.9439371228218079
11987,0.817331850528717
3427,0.9464330077171326
13492,0.7809873223304749
14170,1.051391839981079
1960,1.1599022150039673
8013,0.788875162601471
12019,1.0169442892074585
7896,0.8453649282455444
7371,1.199737310409546
6780,1.1200560331344604
9855,1.016857624053955
11685,0.6241808533668518
2290,0.9973605275154114
473,0.9455314874649048
4422,1.2870652675628662
10966,1.0212548971176147
705,1.144375205039978
12994,0.698630154132843
2448,1.0099928379058838
2662,1.2022669315338135
6143,1.2506235837936401
14075,1.2727165222167969
214,1.4918795824050903
4150,0.6565682888031006
6850,0.8891182541847229
14868,0.7821184396743774
3263,1.001207947731018
10879,0.9581966400146484
9588,1.1727275848388672
15043,0.8012346625328064
11065,1.0477808713912964
11939,1.0917129516601562
8976,0.7977306842803955
6560,0.9549230337142944
6526,1.1471309661865234
9402,0.9956949949264526
9368,0.9418776631355286
40,0.6291394233703613
11862,1.0087378025054932
3421,1.114328145980835
9105,0.8667507767677307
4075,0.841318666934967
526,1.2094018459320068
9020,1.1980230808258057
8239,0.6828262805938721
11469,0.7654037475585938
12610,0.774644672870636
8282,1.1325712203979492
11701,0.8753572702407837
10560,0.9152666330337524
6012,1.0357502698898315
9174,0.8734518885612488
4019,0.9222710728645325
67,0.7661787271499634
8520,1.2391340732574463
10415,1.418715476989746
8775,1.0247286558151245
10356,0.7290856838226318
4560,0.8468259572982788
6759,0.7603190541267395
13246,0.7924010157585144
7890,1.1128889322280884
2498,0.9786399006843567
556,1.1707502603530884
9349,0.930479884147644
13987,0.9461402893066406
7007,0.8111434578895569
6736,1.0727171897888184
4365,0.968404233455658
3411,0.9768176078796387
1776,0.9751331806182861
12418,1.201676368713379
14894,1.2098698616027832
4286,0.828624427318573
1412,0.7368791103363037
3901,1.090370774269104
8854,0.826385498046875
4721,0.8236364126205444
709,1.1758877038955688
609,0.7245215177536011
7102,0.4926082491874695
6277,0.7518466114997864
12279,0.9432432055473328
11020,1.0847325325012207
2966,0.9714972972869873
583,0.9549609422683716
9420,1.1673132181167603
1260,0.6912745833396912
7477,0.8414123058319092
3226,1.2247250080108643
10865,0.9223979711532593
10397,1.0515161752700806
4378,1.016454815864563
13267,1.1787605285644531
2073,1.0275812149047852
14594,0.9150404930114746
9114,1.326585292816162
8383,0.32841312885284424
4272,1.1387231349945068
6432,0.709892213344574
10156,1.073549747467041
8474,1.2321319580078125
3286,1.2856953144073486
12069,1.0407919883728027
7713,0.7248739004135132
12725,1.2745757102966309
5581,1.3980258703231812
4737,1.0677566528320312
7921,0.7511720657348633
10417,1.427449107170105
4805,0.7896045446395874
7659,1.6156848669052124
672,0.9343296885490417
1340,0.936214029788971
14931,0.8826913833618164
9191,1.3527708053588867
6280,0.5353392362594604
1748,0.9470266103744507
7932,0.5091776847839355
7627,0.5712945461273193
8421,1.0940146446228027
4496,0.5288535952568054
659,0.7988212704658508
13154,0.7863842844963074
6590,1.0102661848068237
2056,1.1911075115203857
9689,0.9652091860771179
12759,1.3479472398757935
3234,1.2791433334350586
5558,0.8924545049667358
2355,0.9306315183639526
5426,1.0345903635025024
15070,0.7492292523384094
12540,0.6844396591186523
858,0.9940009117126465
10165,0.9257745146751404
13980,0.874559760093689
5268,1.2406455278396606
9996,0.9368340373039246
11530,0.7315302491188049
2653,1.348318099975586
10547,1.1163290739059448
4368,0.674087643623352
10632,1.2192203998565674
8374,1.0457558631896973
9777,1.2810981273651123
5441,0.5990062355995178
3111,1.0910104513168335
11364,0.834320604801178
7777,0.7111815214157104
3836,0.6852141618728638
4950,0.9181626439094543
15079,0.8095696568489075
9011,0.9868242740631104
6623,0.7674477696418762
12508,0.7523124814033508
9771,1.1918952465057373
7143,0.8091415166854858
8501,0.6670556664466858
10572,0.9523442983627319
14627,0.5469202995300293
6394,0.7806261777877808
12649,0.9465476274490356
9449,0.9521280527114868
13350,1.1270296573638916
8510,0.9764183759689331
11991,1.2366118431091309
13513,0.9702607989311218
5703,1.058882474899292
12311,0.9607194662094116
10322,0.9415934085845947
13927,0.6781904697418213
3532,1.1466964483261108
7935,1.0753445625305176
8990,0.8071280717849731
14632,0.7500572204589844
7199,0.9701938033103943
149,1.1710941791534424
61,1.1110270023345947
1815,0.6630255579948425
3951,1.183053731918335
10828,0.866628110408783
1914,1.0911849737167358
10298,0.6540786623954773
12376,1.1471667289733887
5244,1.2105616331100464
13903,0.6341338157653809
10138,1.1167887449264526
713,1.2477234601974487
6774,1.5749937295913696
11532,1.2802616357803345
2987,0.6557345390319824
10867,0.967545747756958
3311,1.2356077432632446
12897,0.8273591995239258
3855,0.9167805910110474
1747,0.6837979555130005
7265,0.9600214958190918
4894,1.2207722663879395
4978,0.7737320065498352
4384,1.0567502975463867
14780,1.0400227308273315
3355,0.9043847918510437
8497,0.8332392573356628
10557,0.6960132718086243
2184,0.8611112833023071
8129,0.8555352091789246
9082,0.987478494644165
4323,0.42652279138565063
749,1.1055705547332764
6602,1.2660163640975952
3030,0.7778363227844238
10746,0.6967148780822754
6303,1.0128004550933838
3615,1.2227345705032349
2255,1.2571948766708374
6088,0.7263725996017456
6825,0.736710786819458
9908,0.6875879764556885
3115,0.6876128315925598
11702,0.9768208265304565
2983,1.4122720956802368
4743,0.8006253838539124
9880,0.9046507477760315
1207,0.9167642593383789
10232,0.8780041933059692
10058,0.651549756526947
11282,1.059009075164795
471,0.9038191437721252
11053,1.1096880435943604
14020,0.7639912366867065
11986,1.094415307044983
2199,1.1030261516571045
4310,1.263777256011963
2493,0.5879464149475098
12194,0.9140398502349854
10317,0.9495192170143127
1824,1.0210031270980835
3248,0.901604950428009
4802,0.9982817769050598
3930,1.0408047437667847
14362,0.751477837562561
6115,0.912916898727417
8336,1.1452430486679077
14182,0.8095696568489075
8676,1.089318871498108
2077,1.1340173482894897
12456,1.0984464883804321
12613,0.9490410685539246
8736,0.4066145122051239
10575,0.9165017604827881
10236,0.9597881436347961
2348,1.082373023033142
13954,0.7085173726081848
3003,1.0125970840454102
13215,0.8479582071304321
12426,1.3604681491851807
761,0.7884689569473267
12308,0.9726185202598572
4349,0.7386263012886047
13045,1.1527069807052612
14691,0.6012014150619507
4469,0.8115825057029724
10983,1.262254238128662
9656,1.0710396766662598
2324,0.9825536012649536
7237,0.7412328124046326
11257,1.0738896131515503
7559,0.8315219879150391
3035,1.1058062314987183
14741,0.9248453974723816
10362,0.7413811087608337
1976,0.8178897500038147
8115,0.7586601376533508
3995,0.9897415041923523
2641,0.5635162591934204
5503,0.8980156779289246
5080,1.3514151573181152
10181,0.7546420097351074
4228,1.0921425819396973
4938,0.8921035528182983
2882,1.0482566356658936
6499,0.6858857274055481
5603,1.0670877695083618
9571,0.9630957245826721
5783,0.93403160572052
2277,0.9680607914924622
12659,0.9084333777427673
6437,0.87847900390625
2166,1.2470729351043701
1126,0.4868198037147522
3566,0.6934665441513062
10437,0.5693299770355225
12429,0.8464822769165039
735,1.202765941619873
1007,1.0503780841827393
13770,0.7797422409057617
6888,1.1295682191848755
7892,0.8560875654220581
2043,1.2191451787948608
8494,1.266528844833374
5464,0.6950904726982117
7326,1.0583854913711548
10622,0.8647613525390625
8538,0.9968509078025818
14520,0.6856083869934082
8065,0.8247866034507751
2471,0.9920749664306641
14567,0.7898463606834412
1072,0.6573016047477722
7512,1.0026581287384033
1678,0.9579085111618042
1061,0.9966117143630981
4622,0.9941062927246094
5841,1.419398307800293
1676,1.329334020614624
1541,0.9735298156738281
5326,0.8930878639221191
15,0.7206841707229614
3102,0.867264986038208
4395,0.9096267223358154
2506,0.7330965995788574
10064,1.0835928916931152
3324,0.6470605134963989
3189,0.5389556288719177
11088,1.1954213380813599
9954,0.739701509475708
3643,1.3100767135620117
9506,1.211556077003479
8079,0.9835325479507446
13276,0.7568122744560242
9826,1.0264732837677002
4261,1.4619799852371216
9949,1.0805063247680664
7507,0.8787779211997986
8633,0.8276227712631226
354,0.957950234413147
9793,0.9563138484954834
2135,1.1945520639419556
13219,1.2495969533920288
14428,1.2608615159988403
8639,0.8671174049377441
3891,0.8916839957237244
7333,0.9286656379699707
8756,1.2272891998291016
8620,1.0515451431274414
13592,0.8091433048248291
1644,0.8963351845741272
4600,0.9994303584098816
3129,0.8823670744895935
3625,1.2086597681045532
2566,0.6937563419342041
2567,0.623382031917572
1169,1.03750741481781
10776,1.2807598114013672
5830,0.7160374522209167
10847,1.1554166078567505
1085,0.7058994174003601
12503,0.8208665251731873
10485,0.8270540237426758
3721,0.9645150303840637
5127,1.1159149408340454
1521,0.8859475255012512
2931,0.9166309833526611
5689,0.8394932746887207
14440,0.9664173126220703
11932,1.0625582933425903
942,1.234656810760498
12406,1.1747970581054688
7540,1.0926259756088257
7181,1.2688193321228027
14331,0.7912529706954956
12477,0.9968701601028442
11553,0.9365338087081909
10978,0.7293920516967773
13043,0.5110161900520325
4275,0.7664265632629395
6321,0.8877852559089661
475,1.2137868404388428
6223,0.7092351317405701
14022,0.9070261120796204
2405,1.0656650066375732
4579,0.9891576766967773
13029,1.0713131427764893
14913,0.9786628484725952
12333,0.7289315462112427
650,1.2133244276046753
11515,1.2391128540039062
4302,1.2100187540054321
7981,1.1919764280319214
2246,0.8898768424987793
656,0.9799606204032898
7049,0.6658145189285278
9621,1.0164960622787476
3813,0.9017227292060852
10477,0.9217838048934937
11919,0.9946272969245911
5184,0.9656357765197754
1474,0.9296326041221619
11943,1.1926323175430298
12527,0.7739279270172119
5626,1.2762548923492432
9055,1.1821222305297852
10831,0.7563444375991821
14355,0.8135281205177307
7293,1.0147981643676758
14580,1.0633289813995361
1390,1.0509065389633179
10480,0.712776243686676
6331,0.912929892539978
8247,0.4984510540962219
9459,0.6300769448280334
12906,0.8027516603469849
12086,0.9442179203033447
12925,0.7053403854370117
5145,0.9144845008850098
7160,1.2539795637130737
11675,0.9089293479919434
6226,1.4827477931976318
9552,0.6654983162879944
13557,1.1641535758972168
6497,1.087308406829834
3505,0.6839245557785034
492,1.1373696327209473
13168,0.8163927793502808
7471,0.5808511972427368
2854,1.1621168851852417
14804,1.038004994392395
3151,0.9680809378623962
12551,0.8457173109054565
1740,0.839201807975769
218,0.7398236989974976
12557,1.2715457677841187
2614,1.1452621221542358
5386,1.0605672597885132
2423,0.7215020656585693
9628,1.0940439701080322
9381,1.2088793516159058
6922,1.2909868955612183
4972,1.2185152769088745
4602,0.5849194526672363
822,1.3235054016113281
5000,0.8688049912452698
12402,0.832150936126709
1295,0.9441401958465576
5074,1.1397583484649658
14631,0.9458162188529968
5495,1.0011022090911865
7852,0.905252993106842
12318,1.2030186653137207
6629,0.9258135557174683
11984,1.3108333349227905
5811,0.7503072023391724
4623,0.5012436509132385
9844,1.242432951927185
12277,0.7994489669799805
12813,1.1884530782699585
10193,0.7807062864303589
4509,1.0989094972610474
913,1.3450380563735962
7064,0.7311710119247437
9893,0.654310941696167
13929,0.7479430437088013
7825,1.009238362312317
11221,1.3522001504898071
3098,0.7689049243927002
5969,1.0989495515823364
5248,0.9085243940353394
12728,0.754425585269928
2274,0.86058109998703
4292,0.9535955786705017
7947,1.0540567636489868
2602,0.8561291694641113
8014,0.7341878414154053
12936,0.5484017729759216
10441,1.2975265979766846
14778,1.078099012374878
13486,1.189939022064209
8179,0.8125863671302795
3205,0.8612094521522522
9493,0.9327985048294067
12892,1.1289172172546387
15067,1.0651953220367432
8802,1.0428837537765503
5892,1.3404768705368042
4195,0.9075067043304443
4416,0.7440139651298523
8623,0.9119980931282043
4495,1.3817856311798096
3711,1.1311842203140259
3979,1.0132986307144165
6697,0.8992758393287659
1793,0.8611705303192139
9086,0.9289957284927368
7678,0.9521057605743408
13651,1.1289349794387817
5715,0.6984999775886536
10079,0.3483561873435974
14129,0.8428843021392822
14179,0.5747151374816895
4297,1.5509681701660156
10370,0.7155575752258301
9135,0.8605641722679138
11590,1.2330029010772705
147,1.3606805801391602
7759,0.9102346897125244
12672,1.0427154302597046
10751,0.9511234760284424
9539,0.7612378597259521
10337,0.8384063839912415
10349,1.2034097909927368
14822,1.1357675790786743
94,0.9943753480911255
11206,0.655576229095459
10286,0.8059875965118408
11391,0.7413322925567627
11794,0.7200119495391846
13509,0.5532386898994446
2061,1.021736979484558
6521,0.5722352266311646
6090,0.9308221936225891
6761,0.658252477645874
9149,0.8674193024635315
11231,1.008983850479126
10015,0.8980411887168884
3806,1.1984078884124756
5756,0.9555666446685791
223,0.9850354790687561
2265,0.9659501910209656
7041,0.8879351615905762
8855,1.1381168365478516
555,1.2564661502838135
13854,1.2410063743591309
291,1.2605626583099365
11262,1.1900193691253662
13122,0.9783323407173157
527,1.1443735361099243
7750,1.0511866807937622
13132,1.0062013864517212
6191,0.762561559677124
12693,1.027675986289978
3646,0.7329643964767456
9249,1.010796308517456
5081,1.3313276767730713
10194,1.0102665424346924
12888,1.3052027225494385
1731,1.293980598449707
898,1.2879900932312012
13311,1.5199601650238037
12027,0.6318827271461487
13500,1.016596794128418
11307,1.291538953781128
12360,0.7713142037391663
9358,1.0910300016403198
7125,0.545409083366394
1327,0.7957313060760498
3088,0.929244875907898
6949,0.9696035981178284
3166,0.9255457520484924
9958,0.9502354860305786
2314,0.4859224557876587
167,0.8049665689468384
2981,0.8556755781173706
7930,0.7262327671051025
2760,1.0195984840393066
11691,0.9171129465103149
4017,0.9721455574035645
2354,1.1032147407531738
8703,1.2067142724990845
6409,1.08894681930542
10710,1.1093084812164307
12034,0.9603791236877441
3087,0.7435154318809509
2580,0.9798905253410339
1719,0.8573718070983887
8426,0.6014150977134705
9533,0.8864964246749878
1556,1.057035207748413
13433,0.6784716248512268
9026,1.2354739904403687
9442,0.771630048751831
12159,0.7204040884971619
8766,0.7531478404998779
8799,0.6380876898765564
5020,0.7807536721229553
12909,0.9884865880012512
10223,0.7089955806732178
1319,0.6243160963058472
6131,1.6102187633514404
4926,0.8815718293190002
6197,0.7500793933868408
9028,0.8933319449424744
10230,1.2266037464141846
15093,0.9023846983909607
11363,0.8414677381515503
6289,0.7932226061820984
3067,0.6632755398750305
12421,1.352048397064209
11361,1.094024419784546
2286,0.700628399848938
8343,0.8853477835655212
4624,1.1890558004379272
14242,1.1279884576797485
4761,0.8690245151519775
13053,1.0942176580429077
14445,1.1104695796966553
8719,1.391290307044983
7711,1.2611228227615356
2698,0.6918490529060364
14296,0.8893774747848511
15086,0.6521568894386292
7883,0.7195736169815063
5853,1.0635408163070679
3964,0.9957181215286255
1645,0.8925225734710693
10372,0.748929500579834
13856,0.8666784763336182
1543,0.9014706015586853
11840,0.6031202673912048
9668,0.8532135486602783
10526,0.976812481880188
3994,1.068162441253662
6283,1.0763133764266968
7426,0.9192763566970825
11658,0.9540567398071289
9444,0.9301844239234924
6683,0.6667183041572571
3689,0.8645892143249512
639,1.1281894445419312
11410,0.8061104416847229
12248,1.133749008178711
9195,0.8825693130493164
15084,0.9914671182632446
7652,0.9500198364257812
7163,0.8814381957054138
12507,1.011904239654541
5110,1.032088041305542
114,0.6895918250083923
3367,0.8952672481536865
5113,0.9261468648910522
9873,0.6890329122543335
3161,0.8636832237243652
8628,0.9578872323036194
2027,1.1805778741836548
10619,0.9575294256210327
11466,1.0717486143112183
5233,0.9290855526924133
12228,0.9830892086029053
12779,0.646986722946167
8500,1.0537968873977661
12326,0.8758046627044678
14923,1.1141467094421387
9661,1.2052406072616577
3357,0.9239521622657776
9065,1.1733487844467163
9214,0.7972037196159363
2846,0.9872348308563232
7586,0.6015982627868652
733,1.1570777893066406
973,1.0049505233764648
2823,1.174670934677124
702,0.5839263796806335
8466,0.8774120807647705
189,0.9834590554237366
8278,1.2363712787628174
7367,0.9355836510658264
10791,0.7923687100410461
9945,0.8837376236915588
10756,1.2022290229797363
6618,0.9895493984222412
7502,1.0262508392333984
6743,0.7752596139907837
10020,0.8373028635978699
13653,0.617804229259491
12281,0.9841991662979126
2411,0.7185219526290894
1116,0.9491351842880249
3326,0.7849915027618408
14559,0.7403362989425659
1277,0.9058929085731506
3547,0.9941405653953552
1919,0.878911018371582
10661,0.5654151439666748
10773,0.8136510848999023
7153,1.2478816509246826
12868,0.8424668908119202
5933,0.9771305322647095
8009,0.9242823123931885
4612,1.2656261920928955
10520,1.0786114931106567
11612,0.8405985832214355
5825,0.7826675772666931
6039,1.061821460723877
13820,0.9465031623840332
8046,1.0705435276031494
11834,0.8935505151748657
1455,1.0282484292984009
11421,1.1504180431365967
5806,1.0803687572479248
4468,1.0275756120681763
6336,0.6499270796775818
4294,0.8813645839691162
2299,0.7346981763839722
6490,1.1955872774124146
11897,0.782698929309845
7912,1.5278315544128418
10840,0.8967613577842712
14786,1.035175085067749
8642,1.400587558746338
6644,0.9500069618225098
7104,1.0026854276657104
14569,1.1689627170562744
4840,1.1258397102355957
6373,1.1339181661605835
5882,1.0318689346313477
201,1.4075065851211548
9046,1.0866299867630005
14473,0.6112229228019714
6786,1.0727816820144653
13802,0.919994592666626
2694,0.6453508138656616
13819,0.8627026677131653
9584,0.5349699258804321
4757,0.9267386198043823
6942,0.5123010873794556
8066,1.0643246173858643
5867,0.6994194984436035
4915,0.8547971844673157
6958,1.0935255289077759
984,1.0036550760269165
5624,0.9786840677261353
4951,1.0872479677200317
2196,0.8446881771087646
10682,0.6066030263900757
12155,1.0671675205230713
7327,0.7398757934570312
6698,0.7767815589904785
4680,0.8893105983734131
7114,0.740454375743866
12345,0.6939849853515625
13531,0.9298828840255737
649,0.7324800491333008
3733,1.3127033710479736
7088,1.3408255577087402
6121,0.7427368760108948
4589,0.6749559640884399
7931,0.8935225009918213
445,0.9988225698471069
7642,0.909801721572876
3329,1.1134164333343506
8193,1.038012146949768
1515,1.0367404222488403
6220,1.0120701789855957
15094,0.73593670129776
12877,0.8480963706970215
4963,1.0251938104629517
2364,0.8000469207763672
13413,1.1679452657699585
11931,1.2576605081558228
12734,1.0022635459899902
8821,1.21510648727417
124,0.9083056449890137
12574,0.8523584604263306
3495,1.075984239578247
1675,0.6760318875312805
10753,0.9350987076759338
5366,0.7339338660240173
6216,0.8021970987319946
12895,1.0747172832489014
7676,0.864551305770874
3696,1.0266871452331543
7789,0.8047176599502563
13932,0.8193696141242981
7567,0.9122141003608704
13616,0.6830152869224548
681,1.0018310546875
505,0.8535718321800232
1337,0.6843864917755127
12431,0.7917655110359192
9255,0.8823075890541077
3535,0.461775541305542
8149,1.1324293613433838
10220,1.2096678018569946
11490,1.0734308958053589
5605,1.0817171335220337
14759,1.0463573932647705
15034,0.940044105052948
11288,0.7048426866531372
2801,1.2195000648498535
12132,0.9286600351333618
4677,1.102881908416748
413,0.9074802994728088
12620,0.8914985656738281
7474,1.0533961057662964
11401,0.9822888374328613
12845,0.8048547506332397
59,0.8866147398948669
7782,0.9487860202789307
11082,1.0603578090667725
14840,0.7639811038970947
12495,1.2849076986312866
3950,1.5833055973052979
13135,1.0527490377426147
982,1.1901713609695435
7818,0.8922656774520874
12349,0.8665036559104919
14585,0.9348334074020386
13334,1.1530840396881104
3321,0.8400682210922241
6475,0.7654500007629395
13004,1.019045352935791
196,1.0781211853027344
14722,0.9297922849655151
11637,1.0888434648513794
10329,1.0313810110092163
13417,0.7526164650917053
6161,1.1486097574234009
3859,0.9630858898162842
15029,0.7959766387939453
11373,1.022740364074707
143,0.9895800352096558
6258,0.8976832032203674
1261,1.1154062747955322
11000,0.728031575679779
11982,0.5115330219268799
8399,0.7805793881416321
8004,0.802951991558075
4285,1.2888051271438599
5283,1.3424568176269531
4575,0.903560221195221
5623,1.331768274307251
6224,1.0962845087051392
7339,0.647007942199707
2982,1.1556994915008545
12885,1.625756025314331
6250,1.1487468481063843
1975,1.3020775318145752
3663,0.850960910320282
12843,1.4224663972854614
5785,1.0448075532913208
11007,1.26234769821167
8010,0.8540420532226562
7264,1.0584344863891602
13255,1.2994464635849
209,0.9663568735122681
4773,0.7664728164672852
12128,0.5791010856628418
3188,1.1639249324798584
2878,0.9094973206520081
13191,1.3055967092514038
11034,0.7482576370239258
1588,0.7310056090354919
1660,0.860973596572876
5220,1.0594422817230225
8082,1.435201644897461
3805,0.5475795865058899
8944,1.3460984230041504
9075,0.9212673902511597
5595,0.6521026492118835
15058,1.148917555809021
10350,1.0921697616577148
13304,0.8083390593528748
2636,0.7813328504562378
14392,0.9531011581420898
2775,1.0956939458847046
3530,0.9390594959259033
2213,0.9963041543960571
414,1.4340319633483887
1772,1.2262272834777832
4245,0.707390308380127
5589,0.9122542142868042
5685,0.8355598449707031
10446,0.6915959119796753
10211,1.1524044275283813
9967,0.9407405853271484
11406,0.9841528534889221
5284,0.7173106670379639
2437,0.9581804275512695
13210,0.483651340007782
14979,0.7117561101913452
7022,0.7111573815345764
4998,1.2447799444198608
12744,1.3357280492782593
3801,0.7488899827003479
1063,0.5465052127838135
1650,0.8417013883590698
2467,0.9222822785377502
3342,1.1864408254623413
2079,1.1395659446716309
5039,0.8836709260940552
1139,0.6020946502685547
1241,1.0742225646972656
13108,1.0258185863494873
12951,0.8641921281814575
13002,1.4013772010803223
1607,1.2643918991088867
5004,1.1898232698440552
1316,1.0390211343765259
14196,0.8454701900482178
1574,1.2247142791748047
7746,1.6017190217971802
14272,0.6586193442344666
8249,0.8682957887649536
5360,0.8097043037414551
8128,1.27212655544281
2861,1.0909878015518188
2726,0.75713711977005
5126,1.1722757816314697
13810,0.8824906349182129
8527,0.8339747190475464
7645,0.7155959010124207
10645,0.8461942076683044
4606,0.9520226716995239
10982,0.8297410011291504
11418,1.1136587858200073
221,1.2421281337738037
10728,1.015773892402649
4121,0.6877788305282593
146,1.010800838470459
13871,1.2106685638427734
5897,1.2249585390090942
12403,0.7736270427703857
1317,1.2001850605010986
6117,1.1191638708114624
14847,0.9614966511726379
1771,0.7046154737472534
14055,0.633687436580658
11620,1.025952935218811
11154,0.5030732154846191
2809,1.0218238830566406
3257,1.020593285560608
13292,0.8564523458480835
9706,1.1787569522857666
2076,1.3042476177215576
13993,0.8769412636756897
2889,0.7788261771202087
2834,0.8177987933158875
14598,1.0184848308563232
6511,1.230729341506958
14165,1.137332797050476
9283,1.0097928047180176
4577,0.6401202082633972
3538,0.7447940111160278
7035,0.8782830238342285
7416,1.320436716079712
8385,0.9784843921661377
1791,0.6143817901611328
8116,1.494134783744812
14066,1.2659530639648438
10553,0.8728320598602295
2804,1.0615406036376953
13176,1.0448989868164062
1570,0.8341258764266968
8985,1.1127638816833496
9421,0.9255131483078003
2705,1.2105519771575928
12000,0.834000289440155
10363,0.7691811323165894
5465,0.9852591156959534
5402,0.9864574074745178
5868,0.778367817401886
1667,1.0719499588012695
14765,1.0646408796310425
5774,0.6725940108299255
14384,1.0330796241760254
6555,1.0521787405014038
3811,0.8843348026275635
401,0.8460118770599365
10139,1.1343892812728882
14264,0.7286152839660645
12254,1.4238977432250977
9598,0.9322376251220703
11031,0.7934064269065857
6916,0.8049463033676147
7496,0.8395068049430847
1579,1.1006238460540771
7003,0.8815886974334717
11906,0.8358904123306274
9118,0.9871846437454224
13604,0.9133203029632568
7604,1.2256883382797241
7656,1.3098794221878052
6320,1.052552342414856
14485,1.0074927806854248
13852,1.1697083711624146
4959,0.9835813045501709
10406,0.8941119313240051
12328,1.023269534111023
3746,0.7573983669281006
11133,0.7987734079360962
13548,1.0093762874603271
5638,1.1101948022842407
7330,0.9809804558753967
263,0.8793118000030518
12879,1.0604137182235718
10984,0.9330418109893799
8515,0.8555630445480347
5219,1.3795480728149414
10739,1.191738486289978
9304,1.0079153776168823
3602,0.8747926950454712
14230,0.6306025981903076
9663,0.755176842212677
6091,0.8091120719909668
2181,0.8116739988327026
13104,0.9433408379554749
12964,0.8320945501327515
7596,0.7984966039657593
7101,1.2347900867462158
5637,0.8710811138153076
5122,0.9768781065940857
10845,1.2710466384887695
4838,0.7693495154380798
5978,1.012020230293274
9775,1.1240609884262085
9060,1.1343061923980713
9528,1.0584954023361206
11491,1.0026187896728516
9679,0.8053297400474548
12851,1.4380757808685303
7340,0.8136022090911865
4176,0.9424299001693726
1957,1.056524395942688
3271,1.051689624786377
14145,1.1540597677230835
8888,1.1052405834197998
5869,0.6332124471664429
7481,0.8229342699050903
6616,0.9178007245063782
7786,1.2629927396774292
13399,1.0838972330093384
12983,0.6368476152420044
4846,0.9657495021820068
14943,0.6421962976455688
4021,0.5534722805023193
8955,1.1918278932571411
14144,0.7729470133781433
8561,0.94157874584198
5520,1.1290992498397827
10331,0.7550326585769653
9380,0.9747510552406311
10187,1.23601496219635
418,1.0523300170898438
4204,0.7236306667327881
8138,1.1152849197387695
2880,1.0581361055374146
9128,0.6354889273643494
11978,0.7801293134689331
2719,1.2162871360778809
11764,0.9208561182022095
14131,0.9051755666732788
14109,0.7687505483627319
5943,0.8965132236480713
752,0.9382050037384033
12932,0.8672482967376709
14795,0.8219856023788452
3120,0.7459444999694824
311,1.218075156211853
7741,1.0888721942901611
3741,0.7657375335693359
14052,1.1651408672332764
11603,0.966934859752655
2231,0.693914532661438
8645,0.6933058500289917
9415,1.1072951555252075
6304,0.6242687702178955
3894,1.3038594722747803
5391,0.7173354029655457
13720,0.5198016166687012
5057,0.7712727785110474
5153,0.94459468126297
6293,1.0004936456680298
14228,0.9208844900131226
8506,1.4019914865493774
9758,0.7437915802001953
14641,1.1822611093521118
11718,1.0628125667572021
9448,1.2915695905685425
5245,1.115170955657959
5784,1.2992942333221436
14332,1.0333025455474854
7817,0.8196885585784912
3804,0.7445708513259888
12834,1.1679195165634155
489,0.8034652471542358
13997,0.939233660697937
7566,1.2557058334350586
7136,0.7812914848327637
9079,0.9347026348114014
4406,0.9803953170776367
10469,0.6952704191207886
5932,0.536186933517456
13335,1.1918281316757202
3585,1.3355205059051514
2618,0.9776109457015991
10185,0.8064677715301514
10625,1.288659691810608
1823,0.8404322266578674
10808,0.8380756378173828
4958,0.7855031490325928
8340,1.5182708501815796
1396,1.1702971458435059
10378,1.366854190826416
10204,0.6789958477020264
14758,0.9376055002212524
8121,1.371954321861267
3754,1.0014142990112305
7368,1.248476266860962
10240,0.8921769857406616
13615,0.8096368312835693
3139,1.043613314628601
6445,0.9771340489387512
11504,0.8351693153381348
5264,0.6463174819946289
12474,0.9767502546310425
979,0.7883606553077698
6491,0.7572843432426453
14687,1.0374377965927124
10875,0.8662878274917603
3042,0.9886542558670044
9153,0.9749807715415955
12330,1.21589195728302
9396,1.0706095695495605
8664,0.7540099024772644
6438,0.9989559650421143
13910,1.0558124780654907
3016,1.0410282611846924
2256,0.869053840637207
5436,0.8463625907897949
7272,1.0102816820144653
7999,0.9702462553977966
11246,1.3185325860977173
11452,1.1407636404037476
7506,0.9982131719589233
9382,1.1789442300796509
1770,1.0628297328948975
8986,0.8391120433807373
12878,1.295039415359497
5345,0.9940852522850037
1799,0.8149615526199341
7103,1.1711136102676392
8741,1.4139504432678223
1989,0.9464112520217896
8464,1.2942489385604858
5455,0.714049220085144
13221,0.8227905035018921
12575,0.693126916885376
9843,0.8251693248748779
4670,0.8546469211578369
7758,1.0511010885238647
11972,1.2648135423660278
13779,0.538448691368103
1117,0.8164932131767273
3377,0.9035387635231018
13774,1.0075711011886597
969,1.132260799407959
14246,0.9325807690620422
11378,0.8338800668716431
9192,0.9182438254356384
3926,0.9147936105728149
3147,0.663611888885498
2168,0.6860581636428833
4964,1.154737949371338
12890,0.763152003288269
933,0.885116696357727
11032,0.751125693321228
9475,1.0315958261489868
11669,0.9638575911521912
14152,0.8363727331161499
5063,1.0086004734039307
14636,1.0482240915298462
126,1.020466923713684
2613,1.0635699033737183
14620,0.6108364462852478
12711,0.8098885416984558
10857,0.8934420943260193
12485,1.0446189641952515
729,0.7116613984107971
8630,1.108231544494629
909,0.8723770380020142
2936,1.188570499420166
11582,1.2691094875335693
13167,1.312645435333252
6556,0.8851226568222046
1643,0.9925928115844727
4235,0.7882556319236755
8643,1.1835004091262817
3723,1.0699647665023804
220,1.0233904123306274
7097,0.8258200883865356
9151,0.9464321136474609
3558,1.2816977500915527
12170,1.1609019041061401
730,1.0442323684692383
3319,0.6214426755905151
10848,1.123705506324768
633,0.6927058696746826
5513,1.1446380615234375
1889,1.4860206842422485
10701,0.7907806634902954
7915,1.0906867980957031
14352,1.0989495515823364
1651,0.8249340057373047
8563,1.001685619354248
1863,1.0213594436645508
2927,0.7482469081878662
8511,1.2668304443359375
3567,0.8400995135307312
10685,0.974391520023346
3905,1.2096798419952393
14511,0.9320696592330933
10333,1.1101770401000977
11698,0.8913038372993469
7764,0.7923333644866943
2279,1.0746910572052002
14503,0.6526605486869812
1194,0.6707809567451477
13470,0.752443790435791
4819,0.9951382875442505
7522,1.2941421270370483
1753,1.0567337274551392
2530,1.0523606538772583
7986,1.0987907648086548
988,1.0347943305969238
10981,0.7311289310455322
10039,1.2298011779785156
32,0.9993483424186707
12444,1.010460376739502
11370,0.8739651441574097
1122,1.054307222366333
8243,0.8572549819946289
6022,1.2584118843078613
2524,0.8239115476608276
8556,1.0000137090682983
13197,1.1349101066589355
1448,0.8776960372924805
11474,1.103225588798523
3291,1.3983056545257568
10672,0.9298914670944214
1386,0.9362676739692688
13329,0.7841892838478088
5291,1.0958243608474731
2592,1.1197550296783447
13753,0.9638717174530029
11160,1.0205776691436768
4949,1.0368497371673584
7075,1.2285796403884888
7805,1.0263174772262573
6447,0.7703964710235596
9443,1.2001546621322632
5772,0.4629706144332886
1264,0.6970567107200623
13703,0.9788183569908142
12343,1.1068485975265503
1238,0.6858713626861572
4554,1.1560564041137695
4923,0.5950890183448792
5757,0.8986713886260986
7875,0.7351387739181519
9812,0.9016449451446533
3304,0.9310829043388367
3533,1.22324538230896
6588,1.0458155870437622
2904,0.9805449843406677
11911,1.2576391696929932
2547,0.9245616793632507
8284,1.006621241569519
7317,1.1231045722961426
2054,1.0281546115875244
4552,1.4424726963043213
8507,0.8746836185455322
6716,0.8841192722320557
11279,1.1267433166503906
7314,1.0539199113845825
5155,1.0506333112716675
14504,0.6536400318145752
8641,1.0791162252426147
7454,1.335654377937317
13719,0.9943912625312805
682,1.2298576831817627
7862,1.3695193529129028
595,0.9970804452896118
5428,0.6045750975608826
5530,0.8697460889816284
1716,0.9062445759773254
817,0.7843906283378601
9051,1.3572388887405396
10162,1.2325921058654785
2731,0.527030885219574
8183,1.0042353868484497
5017,0.863662600517273
4120,0.9607778191566467
13600,0.8372715711593628
11003,1.2124615907669067
4615,0.9031771421432495
12058,0.9931439757347107
11494,1.2356367111206055
3701,0.9365636110305786
394,0.9078552722930908
3033,1.0551483631134033
8627,0.4374169707298279
10785,1.1466858386993408
4997,0.8580683469772339
2098,0.6152474284172058
2224,0.8937537670135498
1598,0.9754552841186523
1329,0.6330569386482239
8668,0.8629103899002075
10478,1.0072088241577148
6419,1.134295105934143
9646,1.4669623374938965
12036,1.1162400245666504
11404,0.8403996229171753
4358,0.7651060819625854
14258,1.0448873043060303
8819,0.718483030796051
11801,0.8064757585525513
5243,0.5949671864509583
5967,0.9404727220535278
10335,1.012488842010498
12842,0.9952273964881897
13006,0.805399477481842
4625,0.926419198513031
2797,0.8418306708335876
11927,1.0116792917251587
14579,1.2843492031097412
6435,0.7569231390953064
10816,0.47279417514801025
2176,1.2984933853149414
379,0.724839985370636
8907,0.8630316257476807
10693,0.9012535810470581
10586,0.9913030862808228
1946,0.8850287795066833
336,0.8886650204658508
3503,0.9298861622810364
12901,0.9450972676277161
8795,1.9998323917388916
11679,1.0167232751846313
11305,0.775464653968811
2894,0.7369433641433716
13229,0.8473919630050659
5905,1.1164183616638184
5130,1.3167812824249268
5501,0.8782368898391724
13673,0.7705923318862915
4897,0.8965224027633667
11979,1.0931801795959473
6984,0.901740312576294
13162,1.0616105794906616
13883,1.1118186712265015
14204,1.3728290796279907
5559,1.2171008586883545
8325,1.1167689561843872
2671,0.905470073223114
1341,0.611605703830719
6823,1.2993712425231934
12923,1.1189557313919067
12048,0.5513446927070618
12681,0.9034898281097412
6660,0.8137905597686768
14401,1.0578581094741821
5831,0.8704826831817627
802,0.8077632188796997
8695,1.0389569997787476
7690,0.6777858734130859
2018,0.7553724050521851
6470,0.8584825992584229
4027,0.8373243808746338
13386,0.8503620028495789
377,0.9184256196022034
9613,1.0455914735794067
12933,0.8788266777992249
180,0.8931838274002075
13260,1.1921813488006592
9682,1.1756823062896729
3062,1.1404030323028564
13858,0.9393943548202515
12018,1.4888076782226562
4568,0.672316312789917
5209,0.9308326840400696
5824,0.7312474250793457
11746,0.7157957553863525
13069,1.012675404548645
13886,1.0007468461990356
4658,1.1082730293273926
9064,1.1886913776397705
8708,1.0918982028961182
12915,0.9618167281150818
6572,0.888276219367981
4267,1.2880085706710815
14035,0.8926485776901245
12581,0.9644582867622375
7408,0.9907034039497375
8398,1.0950119495391846
240,1.004451036453247
4827,1.3499484062194824
6884,0.9779243469238281
2381,1.2392714023590088
11100,0.5057744383811951
12288,0.8004931807518005
13038,1.0285509824752808
14084,0.9188703894615173
4198,0.8022292256355286
7359,0.9868682622909546
5721,0.6877810955047607
12553,0.8096857666969299
10353,0.6130750179290771
2827,0.9033775329589844
11522,0.9073590040206909
1720,1.0416181087493896
11661,1.05934476852417
11733,0.8622845411300659
4381,1.0995979309082031
9688,0.6564938426017761
449,0.7853558659553528
2824,0.956853985786438
14596,0.8378197550773621
9728,1.3149373531341553
14914,0.8367792963981628
7436,0.9950140714645386
1172,1.4145840406417847
4091,0.6134483218193054
1959,0.6082088947296143
217,0.918304979801178
938,0.7310587167739868
5613,0.32623425126075745
7124,1.028173565864563
3268,1.3175700902938843
350,0.9114624857902527
4793,1.1590120792388916
10147,0.9098837375640869
6548,1.2465276718139648
1634,0.93369460105896
5318,0.7771068215370178
7038,0.734394907951355
5067,1.6144564151763916
14968,1.1631726026535034
4501,1.212121605873108
12152,0.9573131203651428
8142,0.8263715505599976
13824,1.3379541635513306
14300,1.174546480178833
5987,0.8927014470100403
9312,1.2220642566680908
9846,0.6747955679893494
5468,0.9292079210281372
7241,0.8405680656433105
5999,0.8036638498306274
5594,1.4039875268936157
13727,0.868850827217102
11159,0.8156033158302307
10466,0.9068913459777832
7235,1.0094319581985474
4000,1.3293406963348389
9776,0.7117001414299011
13213,1.1472702026367188
2173,0.7203677296638489
12881,0.9304824471473694
7417,1.1532905101776123
9852,1.3173633813858032
11550,0.8648830056190491
6669,0.8345480561256409
3412,0.868046760559082
15012,0.7967270612716675
11731,1.150529384613037
12771,0.6497614979743958
8202,0.7404128909111023
12265,0.8579568266868591
8862,0.8381085991859436
3587,0.904356837272644
5938,1.1003836393356323
9197,0.6953713297843933
13956,0.808747410774231
11205,1.1116315126419067
6679,0.9452868103981018
763,1.362823486328125
11110,1.0457428693771362
2209,0.9587934017181396
1074,0.8973997831344604
7809,1.1505014896392822
14285,0.793537437915802
15005,1.1141284704208374
8655,1.018850326538086
11375,0.707352340221405
3093,1.1341969966888428
14938,1.1615291833877563
3289,0.8257768154144287
8999,0.7584772706031799
9225,1.2930974960327148
7142,0.9630426168441772
2565,0.6140512824058533
1106,0.8267496824264526
875,0.9210037589073181
6575,0.8944095969200134
8337,1.0756571292877197
7457,0.7712435722351074
6330,0.6761624217033386
5466,0.9064722657203674
2918,0.8693227767944336
13240,0.6229063272476196
2805,0.9311060905456543
3156,0.8763828277587891
11732,0.7033424973487854
3549,0.7808772325515747
11622,0.7842305898666382
1322,1.0909980535507202
9407,0.9414981603622437
12324,1.0430618524551392
4362,0.883966326713562
14982,0.8899025321006775
11652,1.2857096195220947
10716,0.5037005543708801
7278,1.3569279909133911
3333,0.9023236632347107
387,0.7237938046455383
4785,0.9759523868560791
2833,0.6114710569381714
6313,1.0443429946899414
1857,1.0400243997573853
911,0.9476772546768188
5612,0.7441556453704834
10577,0.7409716844558716
11396,1.0053766965866089
2404,0.9693191647529602
1110,1.1480814218521118
6414,1.1277114152908325
7864,0.9625933170318604
5763,0.8882855772972107
1001,1.0817303657531738
9243,0.6725946068763733
4626,1.116791009902954
12747,0.8031785488128662
8055,0.8288363814353943
13985,1.7738720178604126
5408,0.8354827165603638
5803,1.011543869972229
10305,1.2255085706710815
1399,0.9532160758972168
967,0.8446831703186035
10368,0.9536184668540955
5447,1.057587742805481
13066,0.834132194519043
7144,0.9804922342300415
13589,1.1056798696517944
8032,0.9010791778564453
4108,1.0468312501907349
11506,1.094835877418518
1755,1.2739344835281372
5274,0.9994392395019531
15091,1.034880518913269
12980,0.910622239112854
14578,0.7471441030502319
9810,1.449342966079712
4234,0.9105333089828491
14008,0.6866595149040222
4608,1.181483268737793
1039,1.0747406482696533
11381,0.6525707244873047
10772,1.2097240686416626
994,1.010847568511963
4364,1.2518153190612793
10549,1.1339530944824219
14555,1.4843021631240845
14437,0.8621933460235596
4159,0.7386146187782288
8350,0.6747745871543884
9039,1.157545566558838
5907,1.0116710662841797
498,0.8590071797370911
13759,1.3516194820404053
10659,1.06582772731781
3692,0.9025193452835083
2948,0.7419410347938538
1383,1.12139093875885
7754,1.3187618255615234
5576,1.154197335243225
13035,1.2511677742004395
7423,0.6884542107582092
11039,0.6168578863143921
10099,1.332247257232666
5801,0.9486693739891052
10209,0.9144158363342285
10741,0.9962036609649658
6708,0.9343838691711426
572,0.8790196776390076
4661,1.0694172382354736
5370,0.954023540019989
352,1.2290139198303223
8820,0.916461706161499
5358,1.3020211458206177
6861,1.4498193264007568
14446,1.022222638130188
920,0.803863525390625
6837,0.88608717918396
11021,0.7707827091217041
12989,0.5187453627586365
6307,1.1153351068496704
5720,0.6222091317176819
14455,0.9256213903427124
5019,0.8884372711181641
13476,1.0774729251861572
9062,0.6759534478187561
14469,0.86048823595047
5486,0.8198052048683167
14612,1.0379244089126587
6987,0.6517623662948608
8498,0.6635138988494873
14803,1.305442452430725
9141,1.388682246208191
6540,0.7383338212966919
11998,1.2020564079284668
3032,1.1346795558929443
14051,0.8269153237342834
7123,0.8524798154830933
6864,0.7258417010307312
13545,0.6795005202293396
5807,1.3198275566101074
4177,0.9213762283325195
8837,0.5971806645393372
10649,1.2418731451034546
10215,1.0182206630706787
5330,0.8612661361694336
3848,0.849711537361145
6274,0.8936018943786621
431,1.2084816694259644
9850,0.8841874003410339
6772,0.9166046380996704
14619,0.9082465171813965
3028,0.8376571536064148
6662,0.8513671159744263
10784,1.1223864555358887
3402,0.8204663991928101
10842,0.6922866106033325
3729,0.9451537728309631
11863,1.402537226676941
11103,1.0721012353897095
9841,1.1101266145706177
14141,0.6569324135780334
4317,0.8397476673126221
10010,0.8860009908676147
14877,0.8214356899261475
7651,1.1557321548461914
72,1.098108172416687
8037,1.0177998542785645
10197,0.9216587543487549
7995,1.168006420135498
4713,0.9736546874046326
13305,1.2637158632278442
14848,0.8316200971603394
8431,1.2500758171081543
5993,1.094681978225708
4930,0.8786959648132324
8717,1.2655800580978394
606,0.602865993976593
10822,0.6818850636482239
8240,0.5343721508979797
4396,1.2766813039779663
12787,0.8554117679595947
10757,0.7998408675193787
6965,0.3530319035053253
13464,0.9132490754127502
10141,0.600350022315979
11005,1.2082213163375854
14710,0.9698772430419922
13677,1.1839120388031006
3708,1.2064263820648193
10969,0.7839398384094238
1790,0.7368810176849365
13013,0.7023805379867554
4748,0.8365939259529114
9408,0.7069563269615173
2119,1.0388387441635132
4832,0.8881441354751587
1733,0.8539600968360901
4178,0.9256401658058167
2154,0.679589033126831
4092,0.7858880162239075
10762,0.843470573425293
9659,0.8084915280342102
9187,0.9992235898971558
12600,1.2275667190551758
13455,0.8472360372543335
11556,0.6650386452674866
1661,0.4855518341064453
2491,0.9821701049804688
14044,0.9600549936294556
4567,0.763661801815033
7220,1.1630754470825195
3850,0.7551372647285461
3097,1.2652040719985962
1199,0.859717845916748
2494,1.2492337226867676
2526,0.7838953137397766
2928,0.9527621269226074
2052,0.7733864188194275
4242,1.178955078125
3168,1.0676027536392212
11493,0.9309476613998413
11258,1.026007890701294
3005,0.8544390201568604
15047,1.3443918228149414
13319,1.0694971084594727
14372,1.1086337566375732
9155,0.9779335260391235
1610,1.0661768913269043
13769,0.7223687171936035
241,1.36598801612854
14011,0.8898229002952576
8839,1.0973820686340332
11500,0.718888521194458
13943,0.7182870507240295
2222,1.4409072399139404
6986,0.9046325087547302
5001,1.2776026725769043
6519,0.7818881273269653
2713,0.7940552234649658
8794,0.9787329435348511
13602,1.5299336910247803
11471,0.709831178188324
5381,0.744972288608551
14946,1.197826862335205
14855,1.1419752836227417
14665,0.9565851092338562
6101,0.988001823425293
6991,0.878661572933197
11121,1.0588692426681519
2185,1.0405035018920898
2326,0.7888255715370178
13787,1.0403292179107666
2469,0.6359243988990784
10328,0.8466902375221252
4,0.881895899772644
15080,1.2522178888320923
901,1.0920780897140503
5678,1.178454875946045
2770,0.6070548295974731
7331,0.8756911754608154
5631,0.9964969754219055
1451,0.843899130821228
14236,0.8348950147628784
5089,0.9073066711425781
1807,0.9348326921463013
10080,1.168479323387146
9787,1.034003734588623
10921,0.7522969841957092
2137,0.8508988618850708
539,0.9900962114334106
12409,0.6431768536567688
12578,0.9195258021354675
5873,0.6733150482177734
1539,0.6031942963600159
946,0.8557353615760803
10503,1.1088634729385376
4999,0.9382535815238953
14646,1.0309195518493652
4109,1.1112970113754272
13307,1.1070667505264282
12396,0.9424411058425903
13868,0.7343568205833435
5687,0.8220996260643005
838,0.8105342388153076
13018,0.959823489189148
5808,1.391822338104248
425,0.684081494808197
14551,0.8439028859138489
1351,0.8747934103012085
14738,0.7731576561927795
2271,1.0258675813674927
7462,0.8175677061080933
12370,0.7060434818267822
4252,0.9887799024581909
14770,0.8112080693244934
7319,0.7115173935890198
14202,0.8859135508537292
12213,0.8074795603752136
11528,0.9970220327377319
3214,0.9778071641921997
2508,0.98081374168396
6111,1.1946148872375488
1954,0.8426237106323242
25,0.6647148132324219
1486,1.2226812839508057
1104,0.8056122660636902
1358,0.7125642895698547
2165,1.0785377025604248
203,1.0660539865493774
10554,1.225574016571045
1402,1.1094304323196411
9331,0.9508143067359924
12093,0.9340339303016663
1348,0.8444317579269409
1923,0.7127715945243835
3285,0.8055371046066284
1330,0.9575145244598389
6760,1.1829605102539062
1906,0.6791974902153015
4069,1.1829191446304321
1102,1.3166282176971436
12652,0.6977251768112183
7882,1.187130331993103
3684,1.3138164281845093
912,0.8564231991767883
437,0.9589354991912842
9753,0.6824521422386169
4098,1.2771391868591309
2907,1.0358906984329224
5749,1.3880524635314941
715,1.2841242551803589
9735,0.6487947702407837
12199,1.135777235031128
3614,2.0380630493164062
2476,0.830644428730011
514,0.8572834134101868
657,0.9747220277786255
11261,0.7153890132904053
2045,0.8030136823654175
7329,0.918433666229248
883,1.0588804483413696
12478,0.7198652625083923
7897,0.8453736305236816
5692,0.6487517356872559
666,1.0716222524642944
6106,0.9104284644126892
5618,1.3591489791870117
14106,0.8936620354652405
7096,0.8184428215026855
13627,0.6569690108299255
1540,1.059138536453247
14491,1.2797268629074097
8994,1.0014259815216064
2750,0.6996814608573914
8905,0.9623923301696777
13415,0.634182870388031
4754,0.8607068657875061
5240,1.186865210533142
10238,1.1207960844039917
797,0.9844699501991272
13250,0.755511999130249
10389,0.8886346220970154
374,0.8414709568023682
14284,1.3461459875106812
11727,0.7768667936325073
4828,0.7245227694511414
1805,1.0035094022750854
9725,0.9795365929603577
3389,0.939996600151062
3528,1.149384617805481
6926,0.8150205016136169
13367,1.3525105714797974
3510,0.5347918272018433
8827,1.1699347496032715
1583,1.031611442565918
8450,0.9436387419700623
12623,1.0432626008987427
2956,0.8919637799263
6036,0.6039476990699768
6322,0.7440454363822937
2066,1.029527187347412
8043,0.751438558101654
12232,0.852403998374939
9723,0.6473689675331116
12726,1.3814589977264404
4047,0.8921035528182983
2319,0.719752848148346
10817,0.6883164644241333
4274,0.5496923327445984
6576,1.3818473815917969
2002,1.5459351539611816
4052,0.8362475633621216
7427,0.7267165780067444
3125,0.9700570106506348
11535,1.0341277122497559
11156,0.983853280544281
530,0.7029637098312378
9979,1.00090491771698
7463,1.2455037832260132
10109,0.8885935544967651
9230,1.100996971130371
7122,1.0598046779632568
12974,0.6213868856430054
1073,1.2671343088150024
11785,0.9658796191215515
9132,0.8286832571029663
8185,0.8289710283279419
7342,0.9983699321746826
7775,1.098284125328064
9904,1.4086849689483643
1042,0.9769080281257629
2855,0.5337135195732117
6068,0.9134392738342285
1314,0.790104329586029
8978,1.091069221496582
14056,1.0071243047714233
5343,0.8313015699386597
11372,0.5237880349159241
6261,0.4862748384475708
6298,0.5646255612373352
12825,1.134214162826538
1184,0.7353124618530273
12536,0.8504124283790588
636,1.3547354936599731
6472,1.0480282306671143
10427,0.9409115314483643
12077,0.6642975211143494
9903,1.030799388885498
2492,1.0405938625335693
5234,1.192980408668518
14897,1.1217821836471558
5406,0.5690515041351318
8649,1.1170369386672974
8101,0.8747918009757996
3548,0.7670474052429199
5675,1.1702039241790771
9961,0.9132580757141113
5671,0.9785062670707703
7222,1.046539545059204
14679,1.2946038246154785
5526,0.892224907875061
2451,1.0142309665679932
5686,0.8929505944252014
3197,0.8956578373908997
4641,1.2542778253555298
4322,0.8609917163848877
14462,0.6524905562400818
4353,0.7491516470909119
12162,0.9226270914077759
13325,1.28960120677948
9956,0.973098874092102
13377,1.058742880821228
12737,0.7925518751144409
4632,0.7101986408233643
95,1.0771002769470215
854,1.0344655513763428
1584,0.7726342678070068
13924,0.7197677493095398
7441,0.9691056609153748
4199,0.9584786891937256
1826,0.5708431005477905
4707,1.0822083950042725
1484,0.9592122435569763
5357,1.425840973854065
11176,1.0876840353012085
6564,0.9836186170578003
12407,1.0570957660675049
11842,0.6401950716972351
2737,0.6147076487541199
523,0.9819971323013306
8103,0.5598733425140381
14314,0.6785586476325989
5070,1.0414947271347046
216,1.0384539365768433
9972,1.0568819046020508
2877,1.3962509632110596
11304,0.8952111005783081
1555,1.2471376657485962
1307,0.7462812662124634
11908,1.1598222255706787
5258,0.8068975806236267
7410,0.9788810610771179
12443,0.8393498659133911
14664,0.7451648712158203
9184,0.9103690385818481
4460,0.9016745090484619
10050,1.0859206914901733
9018,1.2698702812194824
7630,1.0209949016571045
2309,0.9540430307388306
5359,0.9614196419715881
12905,0.5954041481018066
7788,0.7932835817337036
7683,0.8330476880073547
2859,1.1893843412399292
3009,0.7172577977180481
3064,1.7912299633026123
13922,0.8166283965110779
1171,0.6609644889831543
12511,1.0567965507507324
7573,0.9390076398849487
13290,1.0263912677764893
5094,1.201622724533081
10644,0.6942710280418396
13690,0.9473196864128113
7543,0.7197521328926086
8401,1.004340410232544
11654,1.0404248237609863
13141,1.3117148876190186
1145,1.2354414463043213
2358,1.1841399669647217
13906,0.8654417395591736
5747,1.182100534439087
13649,0.9355717301368713
11439,1.1936801671981812
11649,1.1602709293365479
13550,1.2856037616729736
5565,0.7235496640205383
6785,0.9800845384597778
1423,0.7344473004341125
3888,1.0216830968856812
740,1.0158665180206299
3215,1.3778846263885498
14634,0.8730597496032715
12092,0.9100252389907837
8800,1.2612645626068115
4079,1.4223495721817017
5504,1.0361536741256714
7628,0.9448462724685669
12865,1.0169016122817993
1898,1.2893493175506592
12918,0.7662878036499023
11763,0.725256085395813
14164,1.0053248405456543
12289,1.1270434856414795
8217,0.7067211866378784
7611,1.2277008295059204
13735,0.8214586973190308
5105,0.64091557264328
3973,1.2112226486206055
9586,1.0392825603485107
14505,1.0057398080825806
4057,1.3592326641082764
13454,0.9553177952766418
14772,0.5413774251937866
7968,0.7382181286811829
11447,1.2251224517822266
695,0.7376477718353271
14571,0.9330333471298218
7843,0.588606595993042
9120,0.870243489742279
13080,1.3656336069107056
7529,0.8310853838920593
11497,1.1064767837524414
2644,0.6166619658470154
10398,1.0766820907592773
9314,1.2132363319396973
3576,0.8489283323287964
3565,0.6144859790802002
6402,0.9731861352920532
5446,0.8911281228065491
5307,0.9790264964103699
1236,0.7178655862808228
10556,0.6582396030426025
1149,0.758021891117096
9350,0.8358650803565979
8566,0.9748182892799377
11294,1.2393096685409546
3830,1.061845302581787
3223,1.059401035308838
3886,0.7667381763458252
9235,1.0724492073059082
7060,0.9637691974639893
13578,0.7066086530685425
14675,0.7192831635475159
6806,1.1376667022705078
7742,0.8464710712432861
12614,1.0507060289382935
10326,0.7952591180801392
11182,0.6742151975631714
687,0.8881329298019409
8388,1.4585294723510742
12310,0.4763202667236328
12096,0.6504368782043457
12300,1.0772188901901245
727,0.7495912313461304
7238,1.0012078285217285
10033,0.4972854256629944
4904,0.7878158092498779
10359,0.8894854784011841
1797,1.2554899454116821
1163,0.7714837193489075
11435,0.9090603590011597
870,0.7861782908439636
362,1.130314826965332
12801,0.9072551727294922
8313,1.2337942123413086
12718,0.8488038778305054
14340,1.2197766304016113
2037,1.1910173892974854
540,0.7748767733573914
4181,0.7312114238739014
2890,0.9146857261657715
504,1.0117387771606445
4478,0.7788671255111694
978,1.1790437698364258
7078,0.9886552095413208
3704,1.310724139213562
3108,1.1764107942581177
10964,0.7667416334152222
13234,1.0223829746246338
8442,0.8178538680076599
9930,0.7147362232208252
5418,0.650425910949707
1254,1.0840421915054321
4558,0.7281007170677185
10213,0.8259314298629761
4940,0.8180574774742126
3570,0.9597902297973633
13577,0.8507297039031982
5388,1.1370265483856201
10769,0.9119352698326111
3013,0.6162155866622925
14257,0.6355290412902832
9754,0.9521783590316772
6359,1.0979067087173462
6449,0.9504691958427429
14557,0.7027906179428101
9670,1.0013327598571777
4369,0.9433310031890869
10660,1.1996443271636963
8803,0.9705265760421753
9685,0.7849675416946411
2510,1.2264010906219482
13115,1.0566792488098145
14863,0.9306557178497314
3982,0.8598438501358032
10486,1.1352195739746094
1353,0.7027916312217712
3851,1.176698923110962
10493,1.0562357902526855
10219,1.0587657690048218
1620,1.1258658170700073
8909,0.8608993291854858
13,1.0174555778503418
1326,0.9298620820045471
11479,1.0432698726654053
5844,0.9060996770858765
2031,1.0790563821792603
4777,0.8708167672157288
6030,0.7647960782051086
4165,0.5816259384155273
2191,0.9422263503074646
7389,0.9383537769317627
4129,1.3149243593215942
8886,1.1197404861450195
12804,0.6489096283912659
11163,1.492532730102539
1176,0.7391589879989624
13356,1.204506278038025
3700,1.073595404624939
662,1.0821385383605957
3685,0.8442133665084839
5443,1.0138236284255981
5461,1.0355020761489868
2783,0.7938023209571838
4566,0.8425493836402893
9652,0.9903748631477356
11243,1.0351221561431885
368,1.5127373933792114
15017,0.7365954518318176
116,1.09548020362854
4686,0.9541200399398804
12125,1.2090450525283813
4055,0.6127059459686279
13990,0.8976223468780518
8858,1.1036821603775024
11574,0.3933122456073761
14032,0.9764176607131958
1256,0.8999926447868347
9163,1.0886993408203125
2221,1.1270917654037476
6932,0.7547674775123596
2414,0.6897254586219788
1076,0.2978891432285309
13394,0.9033718109130859
11703,1.3643746376037598
15075,1.0410646200180054
10272,0.8693407773971558
4152,0.8152085542678833
13579,0.7940868139266968
10421,0.9815666675567627
983,1.1151317358016968
13298,0.9511328339576721
12883,1.1209884881973267
8524,0.9158250093460083
2938,1.1233139038085938
8015,1.1919621229171753
10885,0.981730580329895
6620,1.3178539276123047
13783,2.1386845111846924
4145,0.7862335443496704
12305,1.051326036453247
3518,0.5907754898071289
10266,1.2845911979675293
11219,0.669019877910614
10404,1.1237130165100098
7985,0.9318530559539795
8806,0.8815885782241821
8054,0.8436353802680969
1693,0.6835008859634399
936,1.3589425086975098
6032,0.9042395949363708
1828,0.8944621086120605
3656,1.1233748197555542
6290,0.8288533687591553
5075,1.054747462272644
1814,1.0601476430892944
11875,0.8704097270965576
9009,0.76726233959198
14017,0.9164898991584778
13836,0.5875841975212097
5645,0.6098632216453552
1289,0.858296275138855
9498,0.7003813982009888
12919,0.6586642265319824
12701,0.9258582592010498
10718,0.8371920585632324
10509,0.7631982564926147
7151,1.0089133977890015
3980,1.0577298402786255
1739,0.8013983964920044
1373,1.3479678630828857
12910,1.3599705696105957
2489,0.8384926319122314
11744,0.8677098751068115
13909,0.7392466068267822
407,0.9324812293052673
10684,0.7041201591491699
13638,1.2193865776062012
7233,0.7954853177070618
8910,0.9702745676040649
4588,0.8665083050727844
6133,0.832909345626831
12769,1.209754228591919
8499,1.01589035987854
9513,0.8060073256492615
5188,0.7151346802711487
12924,0.47429293394088745
1342,1.2590010166168213
6043,0.7417466044425964
4016,0.8218560814857483
10374,0.9918849468231201
10196,1.0553838014602661
3680,0.8127745389938354
7524,0.7760578393936157
1025,0.7513003945350647
670,1.091841220855713
2906,0.8052117228507996
963,0.6440897583961487
7695,0.9593791961669922
11539,0.7473897337913513
300,1.241150975227356
8537,1.061684489250183
3349,0.506026566028595
11728,1.2727994918823242
6892,1.0246319770812988
14864,0.9652464389801025
9686,1.0979543924331665
7703,0.623715341091156
104,1.041099190711975
9629,0.9148361682891846
10290,1.2632665634155273
11970,0.9454240202903748
10971,0.9477060437202454
9164,1.3477578163146973
10093,0.9713671207427979
6049,0.9352229237556458
1813,0.6232403516769409
14767,0.8841325044631958
4937,0.6579623818397522
7982,1.4196397066116333
3146,0.7370353937149048
184,0.8827331066131592
14186,0.9549461603164673
2024,1.3059335947036743
6075,1.1827365159988403
11442,1.1213123798370361
4810,1.2716751098632812
1585,0.9090617299079895
1864,0.8519630432128906
532,1.2652709484100342
14654,0.9171134233474731
648,1.1656826734542847
10160,1.1186012029647827
12303,0.7909541726112366
10973,0.8208669424057007
393,1.2217293977737427
1477,0.713501513004303
5178,0.9960566759109497
272,0.9449995756149292
4170,0.9436402916908264
7438,0.6496084332466125
6494,0.75771164894104
5580,1.1469920873641968
5705,1.2784545421600342
10343,0.841228187084198
12203,0.9490914344787598
4947,0.8762058019638062
13914,0.9756244421005249
5913,0.9917041063308716
4086,0.6902592182159424
6327,0.9220569133758545
5652,1.1126967668533325
8311,0.8810611367225647
12986,1.0930960178375244
5745,0.7658935189247131
11898,0.7995961904525757
9995,1.0304691791534424
10621,1.0941495895385742
6612,0.9652787446975708
3269,0.745816171169281
5181,0.7422895431518555
5798,0.8333264589309692
4130,1.0388325452804565
323,1.1873060464859009
7549,0.991478681564331
2667,0.7346970438957214
12356,1.0590648651123047
8328,0.6562456488609314
6365,0.9290177226066589
12172,0.9350786805152893
5733,0.8499842882156372
14361,0.9984742999076843
9696,1.2799187898635864
3605,0.7760708332061768
1572,0.8447173237800598
1202,0.7655455470085144
14764,0.7500306963920593
12595,1.246297836303711
70,1.3255189657211304
14315,0.8348709940910339
